DiscountKey,OrderID,UnitPrice,DiscountPercent
1,10248,14,0
2,10248,9.8,0
3,10248,34.8,0
4,10249,18.6,0
5,10249,42.4,0
6,10250,7.7,0
7,10250,42.4,0.15000001
8,10250,16.8,0.15000001
9,10251,16.8,5.0000001E-2
10,10251,15.6,5.0000001E-2
11,10251,16.8,0
12,10252,64.8,5.0000001E-2
13,10252,2,5.0000001E-2
14,10252,27.2,0
15,10253,10,0
16,10253,14.4,0
17,10253,16,0
18,10254,3.6,0.15000001
19,10254,19.2,0.15000001
20,10254,8,0
21,10255,15.2,0
22,10255,13.9,0
23,10255,15.2,0
24,10255,44,0
25,10256,26.2,0
26,10256,10.4,0
27,10257,35.1,0
28,10257,14.4,0
29,10257,10.4,0
30,10258,15.2,0.2
31,10258,17,0.2
32,10258,25.6,0.2
33,10259,8,0
34,10259,20.8,0
35,10260,7.7,0.25
36,10260,15.6,0
37,10260,39.4,0.25
38,10260,12,0.25
39,10261,8,0
40,10261,14.4,0
41,10262,17,0.2
42,10262,24,0
43,10262,30.4,0
44,10263,13.9,0.25
45,10263,3.6,0
46,10263,20.7,0.25
47,10263,8,0.25
48,10264,15.2,0
49,10264,7.7,0.15000001
50,10265,31.2,0
51,10265,12,0
52,10266,30.4,5.0000001E-2
53,10267,14.7,0
54,10267,44,0.15000001
55,10267,14.4,0.15000001
56,10268,99,0
57,10268,27.8,0
58,10269,2,5.0000001E-2
59,10269,27.8,5.0000001E-2
60,10270,15.2,0
61,10270,36.8,0
62,10271,2,0
63,10272,64.8,0
64,10272,10,0
65,10272,27.8,0
66,10273,24.8,5.0000001E-2
67,10273,10,5.0000001E-2
68,10273,2,0
69,10273,14.7,5.0000001E-2
70,10273,14.4,5.0000001E-2
71,10274,17.2,0
72,10274,27.8,0
73,10275,3.6,5.0000001E-2
74,10275,44,5.0000001E-2
75,10276,24.8,0
76,10276,4.8,0
77,10277,36.4,0
78,10277,39.4,0
79,10278,15.5,0
80,10278,44,0
81,10278,35.1,0
82,10278,12,0
83,10279,31.2,0.25
84,10280,3.6,0
85,10280,19.2,0
86,10280,6.2,0
87,10281,7.3,0
88,10281,3.6,0
89,10281,14.4,0
90,10282,20.7,0
91,10282,15.6,0
92,10283,12.4,0
93,10283,7.3,0
94,10283,27.2,0
95,10283,27.8,0
96,10284,35.1,0.25
97,10284,15.5,0
98,10284,27.2,0.25
99,10284,11.2,0.25
100,10285,14.4,0.2
101,10285,14.7,0.2
102,10285,26.2,0.2
103,10286,14.4,0
104,10286,39.4,0
105,10287,13.9,0.15000001
106,10287,11.2,0
107,10287,9.6,0.15000001
108,10288,5.9,0.1
109,10288,10,0.1
110,10289,8,0
111,10289,26.6,0
112,10290,17,0
113,10290,99,0
114,10290,16,0
115,10290,10.4,0
116,10291,4.8,0.1
117,10291,15.5,0.1
118,10291,42.4,0.1
119,10292,64.8,0
120,10293,50,0
121,10293,3.6,0
122,10293,35.1,0
123,10293,6.2,0
124,10294,14.4,0
125,10294,31.2,0
126,10294,36.8,0
127,10294,27.2,0
128,10294,6.2,0
129,10295,30.4,0
130,10296,16.8,0
131,10296,13.9,0
132,10296,28.8,0
133,10297,14.4,0
134,10297,27.8,0
135,10298,15.2,0
136,10298,15.2,0.25
137,10298,44,0.25
138,10298,39.4,0
139,10299,7.3,0
140,10299,12,0
141,10300,13.6,0
142,10300,10,0
143,10301,14.7,0
144,10301,30.4,0
145,10302,31.2,0
146,10302,36.4,0
147,10302,36.8,0
148,10303,14.7,0.1
149,10303,16.8,0.1
150,10303,10,0.1
151,10304,16,0
152,10304,44,0
153,10304,17.2,0
154,10305,50,0.1
155,10305,99,0.1
156,10305,14.4,0.1
157,10306,20.7,0
158,10306,26.2,0
159,10306,5.9,0
160,10307,39.4,0
161,10307,10,0
162,10308,28.8,0
163,10308,12,0
164,10309,17.6,0
165,10309,20,0
166,10309,11.2,0
167,10309,36.8,0
168,10309,17.2,0
169,10310,13.9,0
170,10310,39.4,0
171,10311,11.2,0
172,10311,28.8,0
173,10312,36.4,0
174,10312,36.8,0
175,10312,26.2,0
176,10312,6.2,0
177,10313,15.2,0
178,10314,25.6,0.1
179,10314,10.6,0.1
180,10314,39.4,0.1
181,10315,11.2,0
182,10315,12,0
183,10316,7.7,0
184,10316,39.4,0
185,10317,14.4,0
186,10318,7.7,0
187,10318,14.4,0
188,10319,31.2,0
189,10319,36.4,0
190,10319,14.4,0
191,10320,17.2,0
192,10321,14.4,0
193,10322,5.6,0
194,10323,12.4,0
195,10323,11.2,0
196,10323,14.4,0
197,10324,13.9,0.15000001
198,10324,14.4,0.15000001
199,10324,9.6,0
200,10324,44,0.15000001
201,10324,35.1,0.15000001
202,10325,20,0
203,10325,4.8,0
204,10325,18.6,0
205,10325,10,0
206,10325,27.8,0
207,10326,17.6,0
208,10326,15.6,0
209,10326,6.2,0
210,10327,15.2,0.2
211,10327,16.8,0.2
212,10327,20.7,0.2
213,10327,10.6,0.2
214,10328,44,0
215,10328,16.8,0
216,10328,10,0
217,10329,7.3,5.0000001E-2
218,10329,20.7,5.0000001E-2
219,10329,210.8,5.0000001E-2
220,10329,30.4,5.0000001E-2
221,10330,24.9,0.15000001
222,10330,27.8,0.15000001
223,10331,5.9,0
224,10332,50,0.2
225,10332,11.2,0.2
226,10332,7.6,0.2
227,10333,18.6,0
228,10333,8,0.1
229,10333,17.2,0.1
230,10334,5.6,0
231,10334,10,0
232,10335,15.2,0.2
233,10335,10,0.2
234,10335,25.6,0.2
235,10335,42.4,0.2
236,10336,17.6,0.1
237,10337,7.2,0
238,10337,24.9,0
239,10337,15.2,0
240,10337,20.8,0
241,10337,27.8,0
242,10338,31.2,0
243,10338,20.7,0
244,10339,17.6,0
245,10339,31.2,5.0000001E-2
246,10339,39.4,0
247,10340,50,5.0000001E-2
248,10340,7.7,5.0000001E-2
249,10340,36.8,5.0000001E-2
250,10341,2,0
251,10341,44,0.15000001
252,10342,15.2,0.2
253,10342,10,0.2
254,10342,15.2,0.2
255,10342,19.2,0.2
256,10343,26.6,0
257,10343,10,5.0000001E-2
258,10343,14.4,0
259,10344,17.6,0
260,10344,32,0.25
261,10345,32,0
262,10345,7.3,0
263,10345,11.2,0
264,10346,31.2,0.1
265,10346,30.4,0
266,10347,11.2,0
267,10347,14.4,0.15000001
268,10347,14.7,0
269,10347,6.2,0.15000001
270,10348,14.4,0.15000001
271,10348,7.2,0
272,10349,5.9,0
273,10350,13,0.1
274,10350,28.8,0.1
275,10351,210.8,5.0000001E-2
276,10351,7.7,0
277,10351,15.5,5.0000001E-2
278,10351,16.8,5.0000001E-2
279,10352,3.6,0
280,10352,5.9,0.15000001
281,10353,16.8,0.2
282,10353,210.8,0.2
283,10354,14.4,0
284,10354,99,0
285,10355,3.6,0
286,10355,15.6,0
287,10356,10,0
288,10356,19.2,0
289,10356,28.8,0
290,10357,24.8,0.2
291,10357,24.9,0
292,10357,27.2,0.2
293,10358,3.6,5.0000001E-2
294,10358,11.2,5.0000001E-2
295,10358,15.2,5.0000001E-2
296,10359,13.9,5.0000001E-2
297,10359,10,5.0000001E-2
298,10359,27.2,5.0000001E-2
299,10360,36.4,0
300,10360,99,0
301,10360,210.8,0
302,10360,16,0
303,10360,5.9,0
304,10361,14.4,0.1
305,10361,27.2,0.1
306,10362,11.2,0
307,10362,42.4,0
308,10362,5.9,0
309,10363,10,0
310,10363,6.2,0
311,10363,14.4,0
312,10364,28.8,0
313,10364,17.2,0
314,10365,16.8,0
315,10366,16.8,0
316,10366,10.4,0
317,10367,11.2,0
318,10367,5.9,0
319,10367,16.8,0
320,10367,10.4,0
321,10368,8,0.1
322,10368,36.4,0.1
323,10368,15.6,0
324,10368,26.6,0.1
325,10369,99,0
326,10369,30.4,0.25
327,10370,14.4,0.15000001
328,10370,26.6,0
329,10370,8,0.15000001
330,10371,15.2,0.2
331,10372,64.8,0.25
332,10372,210.8,0.25
333,10372,27.2,0.25
334,10372,27.8,0.25
335,10373,10.6,0.2
336,10373,17.2,0.2
337,10374,10,0
338,10374,10.6,0
339,10375,18.6,0
340,10375,5.9,0
341,10376,10,5.0000001E-2
342,10377,36.4,0.15000001
343,10377,14.4,0.15000001
344,10378,17.2,0
345,10379,7.7,0.1
346,10379,35.1,0.1
347,10379,16.8,0.1
348,10380,20.7,0.1
349,10380,26.2,0.1
350,10380,27.2,0.1
351,10380,12,0
352,10381,8,0
353,10382,17,0
354,10382,50,0
355,10382,99,0
356,10382,2,0
357,10382,8,0
358,10383,4.8,0
359,10383,13,0
360,10383,30.4,0
361,10384,64.8,0
362,10384,27.2,0
363,10385,24,0.2
364,10385,27.2,0.2
365,10385,10,0.2
366,10386,3.6,0
367,10386,11.2,0
368,10387,3.6,0
369,10387,36.4,0
370,10387,44,0
371,10387,17.2,0
372,10388,7.6,0.2
373,10388,5.6,0.2
374,10388,26.2,0
375,10389,24.8,0
376,10389,19.2,0
377,10389,39.4,0
378,10389,12,0
379,10390,10,0.1
380,10390,14.4,0.1
381,10390,9.6,0
382,10390,27.8,0.1
383,10391,4.8,0
384,10392,28.8,0
385,10393,15.2,0.25
386,10393,18.6,0.25
387,10393,11.2,0.25
388,10393,24.9,0.25
389,10393,10,0
390,10394,4.8,0
391,10394,39.4,0
392,10395,9.6,0.1
393,10395,26.2,0.1
394,10395,28.8,0
395,10396,7.2,0
396,10396,17.2,0
397,10396,27.8,0
398,10397,8,0.15000001
399,10397,42.4,0.15000001
400,10398,14.4,0
401,10398,19.2,0.1
402,10399,10,0
403,10399,17.2,0
404,10399,14.4,0
405,10399,10.4,0
406,10400,99,0
407,10400,14.4,0
408,10400,16,0
409,10401,20.7,0
410,10401,30.4,0
411,10401,16.8,0
412,10401,17.2,0
413,10402,7.2,0
414,10402,35.1,0
415,10403,13.9,0.15000001
416,10403,10.2,0.15000001
417,10404,24.9,5.0000001E-2
418,10404,11.2,5.0000001E-2
419,10404,16,5.0000001E-2
420,10405,8,0
421,10406,14.4,0
422,10406,8,0.1
423,10406,36.4,0.1
424,10406,15.2,0.1
425,10406,14.7,0.1
426,10407,16.8,0
427,10407,28.8,0
428,10407,17.2,0
429,10408,20.8,0
430,10408,5.9,0
431,10408,39.4,0
432,10409,18.6,0
433,10409,8,0
434,10410,2,0
435,10410,44,0
436,10411,7.7,0.2
437,10411,15.5,0.2
438,10411,44,0.2
439,10412,18.6,0.1
440,10413,14.4,0
441,10413,39.4,0
442,10413,14.4,0
443,10414,7.3,5.0000001E-2
444,10414,2,0
445,10415,31.2,0
446,10415,2,0
447,10416,7.3,0
448,10416,26.2,0
449,10416,15.6,0
450,10417,210.8,0
451,10417,9.6,0.25
452,10417,10,0.25
453,10417,10.4,0
454,10418,15.2,0
455,10418,7.6,0
456,10418,22.8,0
457,10418,8,0
458,10419,27.2,5.0000001E-2
459,10419,28.8,5.0000001E-2
460,10420,77.6,0.1
461,10420,4.8,0.1
462,10420,12,0.1
463,10420,12,0.1
464,10421,7.3,0.15000001
465,10421,24.9,0
466,10421,26.2,0.15000001
467,10421,10.4,0.15000001
468,10422,24.9,0
469,10423,10,0
470,10423,44,0
471,10424,14.4,0.2
472,10424,210.8,0.2
473,10424,10,0.2
474,10425,19.2,0.25
475,10425,14.4,0.25
476,10426,30.4,0
477,10426,26.6,0
478,10427,18.6,0
479,10428,9.6,0
480,10429,13,0
481,10429,35.1,0.25
482,10430,31.2,0.2
483,10430,8,0
484,10430,30.4,0
485,10430,44,0.2
486,10431,31.2,0.25
487,10431,14.7,0.25
488,10431,7.6,0.25
489,10432,24.9,0
490,10432,5.9,0
491,10433,30.4,0
492,10434,16.8,0
493,10434,14.4,0.15000001
494,10435,15.2,0
495,10435,16.8,0
496,10435,27.8,0
497,10436,9.6,0
498,10436,30.4,0.1
499,10436,26.6,0.1
500,10436,6.2,0.1
501,10437,26.2,0
502,10438,7.3,0.2
503,10438,11.2,0.2
504,10438,15.6,0.2
505,10439,30.4,0
506,10439,13.9,0
507,10439,26.6,0
508,10439,8,0
509,10440,15.2,0.15000001
510,10440,13.9,0.15000001
511,10440,99,0.15000001
512,10440,22.8,0.15000001
513,10441,35.1,0
514,10442,16.8,0
515,10442,5.9,0
516,10442,13.6,0
517,10443,16.8,0.2
518,10443,36.4,0
519,10444,31.2,0
520,10444,24.9,0
521,10444,14.4,0
522,10444,7.7,0
523,10445,14.4,0
524,10445,5.9,0
525,10446,7.3,0.1
526,10446,3.6,0.1
527,10446,10,0.1
528,10446,5.6,0.1
529,10447,7.3,0
530,10447,16.8,0
531,10447,17.2,0
532,10448,24.9,0
533,10448,14.7,0
534,10449,24.8,0
535,10449,5.6,0
536,10449,39.4,0
537,10450,24.8,0.2
538,10450,5.9,0.2
539,10451,19.2,0.1
540,10451,26.6,0.1
541,10451,16.8,0.1
542,10451,10.4,0.1
543,10452,36.4,0
544,10452,15.5,5.0000001E-2
545,10453,10.2,0.1
546,10453,12,0.1
547,10454,13.9,0.2
548,10454,2,0.2
549,10454,9.6,0.2
550,10455,14.4,0
551,10455,26.2,0
552,10455,22.8,0
553,10455,17.2,0
554,10456,8,0.15000001
555,10456,16,0.15000001
556,10457,44,0
557,10458,24.9,0
558,10458,36.4,0
559,10458,36.8,0
560,10458,30.4,0
561,10458,17.2,0
562,10459,24,5.0000001E-2
563,10459,9.6,5.0000001E-2
564,10459,27.8,0
565,10460,10,0.25
566,10460,6.2,0.25
567,10461,8,0.25
568,10461,20.7,0.25
569,10461,19.2,0.25
570,10462,4.8,0
571,10462,7.2,0
572,10463,7.3,0
573,10463,11.2,0
574,10464,17.6,0.2
575,10464,36.8,0
576,10464,30.4,0.2
577,10464,27.2,0
578,10465,3.6,0
579,10465,99,0.1
580,10465,14.7,0
581,10465,7.6,0.1
582,10465,13,0
583,10466,16.8,0
584,10466,9.6,0
585,10467,3.6,0
586,10467,11.2,0
587,10468,20.7,0
588,10468,36.8,0
589,10469,15.2,0.15000001
590,10469,13.9,0.15000001
591,10469,15.5,0.15000001
592,10470,50,0
593,10470,7.2,0
594,10470,26.6,0
595,10471,24,0
596,10471,30.4,0
597,10472,3.6,5.0000001E-2
598,10472,42.4,0
599,10473,2,0
600,10473,17.2,0
601,10474,18.6,0
602,10474,36.4,0
603,10474,14.7,0
604,10474,6.2,0
605,10475,10,0.15000001
606,10475,13.6,0.15000001
607,10475,14.4,0.15000001
608,10476,19.2,5.0000001E-2
609,10476,12,0
610,10477,14.4,0
611,10477,8,0.25
612,10477,14.4,0.25
613,10478,24.8,5.0000001E-2
614,10479,210.8,0
615,10479,26.2,0
616,10479,44,0
617,10479,26.6,0
618,10480,7.6,0
619,10480,44,0
620,10481,16,0
621,10481,27.2,0
622,10482,14.7,0
623,10483,11.2,5.0000001E-2
624,10483,10.4,5.0000001E-2
625,10484,8,0
626,10484,14.7,0
627,10484,42.4,0
628,10485,15.2,0.1
629,10485,8,0.1
630,10485,19.2,0.1
631,10485,12,0.1
632,10486,16.8,0
633,10486,42.4,0
634,10486,8,0
635,10487,7.3,0
636,10487,24.9,0
637,10487,5.9,0.25
638,10488,44,0
639,10488,12,0.2
640,10489,16.8,0.25
641,10489,13.9,0
642,10490,44,0
643,10490,10,0
644,10490,6.2,0
645,10491,15.5,0.15000001
646,10491,10.4,0.15000001
647,10492,11.2,5.0000001E-2
648,10492,11.2,5.0000001E-2
649,10493,16.8,0.1
650,10493,13.6,0.1
651,10493,28.8,0.1
652,10494,30.4,0
653,10495,7.2,0
654,10495,7.7,0
655,10495,10.4,0
656,10496,10,5.0000001E-2
657,10497,30.4,0
658,10497,27.8,0
659,10497,10.4,0
660,10498,4.5,0
661,10498,18.4,0
662,10498,14,0
663,10499,45.6,0
664,10499,20,0
665,10500,15.5,5.0000001E-2
666,10500,45.6,5.0000001E-2
667,10501,7.45,0
668,10502,9.5,0
669,10502,32.8,0
670,10502,14,0
671,10503,23.25,0
672,10503,21.05,0
673,10504,19,0
674,10504,10,0
675,10504,32.8,0
676,10504,28.5,0
677,10505,49.3,0
678,10506,14,0.1
679,10506,15,0.1
680,10507,46,0.15000001
681,10507,12.75,0.15000001
682,10508,6,0
683,10508,18,0
684,10509,45.6,0
685,10510,123.79,0
686,10510,7.75,0.1
687,10511,22,0.15000001
688,10511,30,0.15000001
689,10511,40,0.15000001
690,10512,4.5,0.15000001
691,10512,12,0.15000001
692,10512,9.5,0.15000001
693,10512,34,0.15000001
694,10513,10,0.2
695,10513,32,0.2
696,10513,28.5,0.2
697,10514,81,0
698,10514,45.6,0
699,10514,38,0
700,10514,21.05,0
701,10514,7.75,0
702,10515,97,0.15000001
703,10515,17.45,0
704,10515,43.9,0
705,10515,2.5,0.15000001
706,10515,34,0.15000001
707,10516,62.5,0.1
708,10516,9.65,0.1
709,10516,14,0
710,10517,7,0
711,10517,55,0
712,10517,15,0
713,10518,4.5,0
714,10518,263.5,0
715,10518,19.45,0
716,10519,31,5.0000001E-2
717,10519,38,0
718,10519,34,5.0000001E-2
719,10520,4.5,0
720,10520,32.8,0
721,10521,18,0
722,10521,9.65,0
723,10521,12.5,0
724,10522,18,0.2
725,10522,40,0
726,10522,25.89,0.2
727,10522,18.4,0.2
728,10523,39,0.1
729,10523,81,0.1
730,10523,26,0.1
731,10523,9.65,0.1
732,10524,31,0
733,10524,25.89,0
734,10524,46,0
735,10524,7.45,0
736,10525,19,0
737,10525,18.4,0.1
738,10526,18,0.15000001
739,10526,6,0
740,10526,38,0.15000001
741,10527,22,0.1
742,10527,19,0.1
743,10528,21,0
744,10528,2.5,0.2
745,10528,34.8,0
746,10529,24,0
747,10529,12.5,0
748,10529,36,0
749,10530,39,0
750,10530,46,0
751,10530,28.5,0
752,10530,18,0
753,10531,55,0
754,10532,25.89,0
755,10532,17,0
756,10533,22,5.0000001E-2
757,10533,34.8,0
758,10533,15,5.0000001E-2
759,10534,25.89,0
760,10534,18.4,0.2
761,10534,7.45,0.2
762,10535,21,0.1
763,10535,18.4,0.1
764,10535,19.5,0.1
765,10535,55,0.1
766,10536,38,0.25
767,10536,12.5,0
768,10536,2.5,0
769,10536,34,0.25
770,10537,12.5,0
771,10537,53,0
772,10537,13.25,0
773,10537,34.8,0
774,10537,15,0
775,10538,15,0
776,10538,34.8,0
777,10539,6,0
778,10539,10,0
779,10539,2.5,0
780,10539,20,0
781,10540,10,0
782,10540,31.23,0
783,10540,263.5,0
784,10540,12.5,0
785,10541,4.5,0.1
786,10541,263.5,0.1
787,10541,21.05,0.1
788,10541,21.5,0.1
789,10542,21,5.0000001E-2
790,10542,7.45,5.0000001E-2
791,10543,38,0.15000001
792,10543,9,0.15000001
793,10544,45.6,0
794,10544,14,0
795,10545,21,0
796,10546,30,0
797,10546,18,0
798,10546,49.3,0
799,10547,32,0.15000001
800,10547,19,0
801,10548,14,0.25
802,10548,9.65,0
803,10549,12.5,0.15000001
804,10549,9.5,0.15000001
805,10549,53,0.15000001
806,10550,39,0.1
807,10550,9.2,0
808,10550,10,0.1
809,10550,28.5,0.1
810,10551,17.45,0.15000001
811,10551,18,0.15000001
812,10551,19.45,0
813,10552,36,0
814,10552,7.75,0
815,10553,21,0
816,10553,17.45,0
817,10553,21,0
818,10553,12.5,0
819,10553,18,0
820,10554,17.45,5.0000001E-2
821,10554,9,5.0000001E-2
822,10554,49.3,5.0000001E-2
823,10554,13,5.0000001E-2
824,10555,23.25,0.2
825,10555,9.2,0.2
826,10555,4.5,0.2
827,10555,53,0.2
828,10555,38,0.2
829,10556,34.8,0
830,10557,33.25,0
831,10557,7.75,0
832,10558,9.5,0
833,10558,53,0
834,10558,7,0
835,10558,32.8,0
836,10558,15,0
837,10559,9.65,5.0000001E-2
838,10559,24,5.0000001E-2
839,10560,25.89,0
840,10560,49.3,0.25
841,10561,19.45,0
842,10561,53,0
843,10562,2.5,0.1
844,10562,49.3,0.1
845,10563,19,0
846,10563,7,0
847,10564,39,5.0000001E-2
848,10564,12.5,5.0000001E-2
849,10564,24,5.0000001E-2
850,10565,4.5,0.1
851,10565,33.25,0.1
852,10566,21,0.15000001
853,10566,62.5,0.15000001
854,10566,18,0
855,10567,12.5,0.2
856,10567,53,0
857,10567,55,0.2
858,10568,31,0
859,10569,12.5,0.2
860,10569,18,0
861,10570,21,5.0000001E-2
862,10570,38,5.0000001E-2
863,10571,23.25,0.15000001
864,10571,14,0.15000001
865,10572,17.45,0.1
866,10572,32,0.1
867,10572,18.4,0
868,10572,7.75,0.1
869,10573,39,0
870,10573,14,0
871,10573,32.8,0
872,10574,2.5,0
873,10574,18.4,0
874,10574,49.3,0
875,10574,33.25,0
876,10575,55,0
877,10575,43.9,0
878,10575,34.8,0
879,10575,18,0
880,10576,18,0
881,10576,12.5,0
882,10576,19.45,0
883,10577,18,0
884,10577,7.75,0
885,10577,13,0
886,10578,18,0
887,10578,19.5,0
888,10579,15.5,0
889,10579,7.75,0
890,10580,23.25,5.0000001E-2
891,10580,9.65,5.0000001E-2
892,10580,21.05,5.0000001E-2
893,10581,7.75,0.2
894,10582,19.5,0
895,10582,18,0
896,10583,123.79,0
897,10583,34,0.15000001
898,10583,36,0.15000001
899,10584,12.5,5.0000001E-2
900,10585,9.5,0
901,10586,7,0.15000001
902,10587,31.23,0
903,10587,18,0
904,10587,13,0
905,10588,62.5,0.2
906,10588,14,0.2
907,10589,18,0
908,10590,18,0
909,10590,13,5.0000001E-2
910,10591,10,0
911,10591,30,0
912,10591,7.45,0
913,10592,15.5,5.0000001E-2
914,10592,31.23,5.0000001E-2
915,10593,81,0.2
916,10593,36,0.2
917,10593,18,0.2
918,10594,7,0
919,10594,13.25,0
920,10595,18,0.25
921,10595,28.5,0.25
922,10595,36,0.25
923,10596,38,0.2
924,10596,43.9,0.2
925,10596,7.75,0.2
926,10597,4.5,0.2
927,10597,19.5,0
928,10597,21.05,0.2
929,10598,43.9,0
930,10598,21.5,0
931,10599,49.3,0
932,10600,7.45,0
933,10600,15,0
934,10601,6,0
935,10601,55,0
936,10602,13,0.25
937,10603,21,0
938,10603,20,5.0000001E-2
939,10604,12.75,0.1
940,10604,18,0.1
941,10605,17.45,5.0000001E-2
942,10605,55,5.0000001E-2
943,10605,34,5.0000001E-2
944,10605,21.5,5.0000001E-2
945,10606,22,0.2
946,10606,24,0.2
947,10606,49.3,0.2
948,10607,30,0
949,10607,39,0
950,10607,2.5,0
951,10607,18.4,0
952,10607,34.8,0
953,10608,38,0
954,10609,18,0
955,10609,31,0
956,10609,10,0
957,10610,19,0.25
958,10611,18,0
959,10611,19,0
960,10611,34,0
961,10612,31,0
962,10612,19,0
963,10612,20,0
964,10612,34,0
965,10612,18,0
966,10613,6,0.1
967,10613,7.75,0
968,10614,21,0
969,10614,10,0
970,10614,18,0
971,10615,24,0
972,10616,263.5,5.0000001E-2
973,10616,38,0
974,10616,15,5.0000001E-2
975,10616,21.5,5.0000001E-2
976,10617,55,0.15000001
977,10618,25,0
978,10618,38,0
979,10618,12.5,0
980,10619,10,0
981,10619,21,0
982,10620,4.5,0
983,10620,7,0
984,10621,9.2,0
985,10621,9,0
986,10621,15,0
987,10621,21.5,0
988,10622,19,0
989,10622,12.5,0.2
990,10623,23.25,0
991,10623,9.2,0.1
992,10623,10,0.1
993,10623,4.5,0
994,10623,18,0.1
995,10624,45.6,0
996,10624,123.79,0
997,10624,19.45,0
998,10625,23.25,0
999,10625,14,0
1000,10625,34,0
1001,10626,32.8,0
1002,10626,34,0
1003,10626,21.5,0
1004,10627,49.3,0
1005,10627,15,0.15000001
1006,10628,18,0
1007,10629,123.79,0
1008,10629,33.25,0
1009,10630,24,5.0000001E-2
1010,10630,18,0
1011,10631,7.75,0.1
1012,10632,19,5.0000001E-2
1013,10632,2.5,5.0000001E-2
1014,10633,38,0.15000001
1015,10633,6,0.15000001
1016,10633,31.23,0.15000001
1017,10633,49.3,0.15000001
1018,10634,30,0
1019,10634,62.5,0
1020,10634,53,0
1021,10634,7.75,0
1022,10635,22,0.1
1023,10635,21.35,0.1
1024,10635,21,0
1025,10636,22,0
1026,10636,13.25,0
1027,10637,21,0
1028,10637,16.25,5.0000001E-2
1029,10637,38,5.0000001E-2
1030,10638,9.5,0
1031,10638,21.05,0
1032,10638,34.8,0
1033,10639,62.5,0
1034,10640,36,0.25
1035,10640,15,0.25
1036,10641,19,0
1037,10641,18.4,0
1038,10642,10,0.2
1039,10642,28.5,0.2
1040,10643,45.6,0.25
1041,10643,18,0.25
1042,10643,12,0.25
1043,10644,62.5,0.1
1044,10644,46,0
1045,10644,12,0.1
1046,10645,62.5,0
1047,10645,19,0
1048,10646,18,0.25
1049,10646,31,0.25
1050,10646,21.5,0.25
1051,10646,13,0.25
1052,10647,9.2,0
1053,10647,18,0
1054,10648,21,0
1055,10648,4.5,0.15000001
1056,10649,45.6,0
1057,10649,34.8,0
1058,10650,25.89,0
1059,10650,32.8,5.0000001E-2
1060,10650,7.45,0
1061,10651,9.2,0.25
1062,10651,21,0.25
1063,10652,25.89,0.25
1064,10652,14,0
1065,10653,17.45,0.1
1066,10653,34,0.1
1067,10654,22,0.1
1068,10654,18,0.1
1069,10654,7.45,0.1
1070,10655,9.65,0.2
1071,10656,23.25,0.1
1072,10656,19.45,0.1
1073,10656,9.5,0.1
1074,10657,15.5,0
1075,10657,9.65,0
1076,10657,12,0
1077,10657,9.5,0
1078,10657,38,0
1079,10657,34,0
1080,10658,10,0
1081,10658,18.4,5.0000001E-2
1082,10658,34,5.0000001E-2
1083,10658,13,5.0000001E-2
1084,10659,12.5,5.0000001E-2
1085,10659,18.4,5.0000001E-2
1086,10659,15,5.0000001E-2
1087,10660,81,0
1088,10661,18,0.2
1089,10661,13.25,0.2
1090,10662,12.5,0
1091,10663,18.4,5.0000001E-2
1092,10663,14,5.0000001E-2
1093,10663,53,5.0000001E-2
1094,10664,31,0.15000001
1095,10664,38,0.15000001
1096,10664,21.05,0.15000001
1097,10665,53,0
1098,10665,55,0
1099,10665,18,0
1100,10666,123.79,0
1101,10666,21.05,0
1102,10667,36,0.2
1103,10667,21.5,0.2
1104,10668,12.5,0.1
1105,10668,24,0.1
1106,10668,33.25,0.1
1107,10669,19,0
1108,10670,9,0
1109,10670,12,0
1110,10670,14,0
1111,10670,15,0
1112,10670,7.75,0
1113,10671,17.45,0
1114,10671,49.3,0
1115,10671,21.05,0
1116,10672,263.5,0.1
1117,10672,21.5,0
1118,10673,17.45,0
1119,10673,14,0
1120,10673,46,0
1121,10674,9,0
1122,10675,23.25,0
1123,10675,32.8,0
1124,10675,13.25,0
1125,10676,31,0
1126,10676,9.2,0
1127,10676,19.45,0
1128,10677,31.23,0.15000001
1129,10677,2.5,0.15000001
1130,10678,38,0
1131,10678,2.5,0
1132,10678,9.65,0
1133,10678,7.45,0
1134,10679,55,0
1135,10680,17.45,0.25
1136,10680,12.5,0.25
1137,10680,14,0.25
1138,10681,9.2,0.1
1139,10681,10,0.1
1140,10681,33.25,0
1141,10682,2.5,0
1142,10682,17,0
1143,10682,7.75,0
1144,10683,7,0
1145,10684,18.4,0
1146,10684,9.5,0
1147,10684,34,0
1148,10685,31,0
1149,10685,9.65,0
1150,10685,9.5,0
1151,10686,39,0.2
1152,10686,31.23,0
1153,10687,97,0.25
1154,10687,123.79,0
1155,10687,19,0.25
1156,10688,31,0.1
1157,10688,45.6,0.1
1158,10688,14,0
1159,10689,18,0.25
1160,10690,38,0.25
1161,10690,13,0.25
1162,10691,18,0
1163,10691,123.79,0
1164,10691,46,0
1165,10691,19.45,0
1166,10691,49.3,0
1167,10692,43.9,0
1168,10693,97,0
1169,10693,7.45,0.15000001
1170,10693,36,0.15000001
1171,10693,15,0.15000001
1172,10694,30,0
1173,10694,55,0
1174,10694,15,0
1175,10695,40,0
1176,10695,38,0
1177,10695,4.5,0
1178,10696,39,0
1179,10696,12,0
1180,10697,9.2,0.25
1181,10697,18,0.25
1182,10697,13.25,0.25
1183,10697,15,0.25
1184,10698,21,0
1185,10698,39,5.0000001E-2
1186,10698,123.79,5.0000001E-2
1187,10698,21.05,5.0000001E-2
1188,10698,15,5.0000001E-2
1189,10699,9.5,0
1190,10700,18,0.2
1191,10700,14,0.2
1192,10700,12.5,0.2
1193,10700,21.5,0.2
1194,10701,55,0.15000001
1195,10701,21.5,0.15000001
1196,10701,18,0.15000001
1197,10702,10,0
1198,10702,18,0
1199,10703,19,0
1200,10703,55,0
1201,10703,15,0
1202,10704,22,0
1203,10704,4.5,0
1204,10704,12.75,0
1205,10705,12.5,0
1206,10705,32,0
1207,10706,17.45,0
1208,10706,46,0
1209,10706,55,0
1210,10707,24,0
1211,10707,19.5,0
1212,10707,15,0.15000001
1213,10708,21.35,0
1214,10708,19,0
1215,10709,40,0
1216,10709,53,0
1217,10709,34,0
1218,10710,9.2,0
1219,10710,9.5,0
1220,10711,9.2,0
1221,10711,9.65,0
1222,10711,32.8,0
1223,10712,32.8,5.0000001E-2
1224,10712,38,0
1225,10713,31,0
1226,10713,31.23,0
1227,10713,9.5,0
1228,10713,12,0
1229,10714,19,0.25
1230,10714,39,0.25
1231,10714,9.5,0.25
1232,10714,38,0.25
1233,10714,13.25,0.25
1234,10715,31,0
1235,10715,21.5,0
1236,10716,10,0
1237,10716,53,0
1238,10716,28.5,0
1239,10717,10,5.0000001E-2
1240,10717,7.45,0
1241,10717,36,5.0000001E-2
1242,10718,38,0
1243,10718,17.45,0
1244,10718,19,0
1245,10718,49.3,0
1246,10719,62.5,0.25
1247,10719,25.89,0.25
1248,10719,7.45,0.25
1249,10720,18,0
1250,10720,21.5,0
1251,10721,19.45,5.0000001E-2
1252,10722,19,0
1253,10722,12.5,0
1254,10722,12.5,0
1255,10722,7.75,0
1256,10723,31.23,0
1257,10724,31,0
1258,10724,28.5,0
1259,10725,9.65,0
1260,10725,7,0
1261,10725,24,0
1262,10726,22,0
1263,10726,21,0
1264,10727,39,5.0000001E-2
1265,10727,38,5.0000001E-2
1266,10727,55,5.0000001E-2
1267,10728,25.89,0
1268,10728,18.4,0
1269,10728,24,0
1270,10728,34,0
1271,10729,18,0
1272,10729,10,0
1273,10729,16.25,0
1274,10730,17.45,5.0000001E-2
1275,10730,12.5,5.0000001E-2
1276,10730,21.05,5.0000001E-2
1277,10731,10,5.0000001E-2
1278,10731,53,5.0000001E-2
1279,10732,18,0
1280,10733,23.25,0
1281,10733,45.6,0
1282,10733,7,0
1283,10734,25,0
1284,10734,25.89,0
1285,10734,18,0
1286,10735,28.5,0.1
1287,10735,13,0.1
1288,10736,21.05,0
1289,10736,7.75,0
1290,10737,6,0
1291,10737,9.65,0
1292,10738,17.45,0
1293,10739,19,0
1294,10739,7,0
1295,10740,45.6,0.2
1296,10740,18,0.2
1297,10740,9.5,0.2
1298,10740,38,0.2
1299,10741,19,0.2
1300,10742,10,0
1301,10742,34,0
1302,10742,34.8,0
1303,10743,12,5.0000001E-2
1304,10744,18.4,0.2
1305,10745,62.5,0
1306,10745,19.45,0
1307,10745,55,0
1308,10745,34.8,0
1309,10746,6,0
1310,10746,14,0
1311,10746,49.3,0
1312,10746,36,0
1313,10747,12.5,0
1314,10747,9.65,0
1315,10747,43.9,0
1316,10747,36,0
1317,10748,9,0
1318,10748,18.4,0
1319,10748,38,0
1320,10749,38,0
1321,10749,55,0
1322,10749,18,0
1323,10750,23.25,0.15000001
1324,10750,9.5,0.15000001
1325,10750,55,0.15000001
1326,10751,31.23,0.1
1327,10751,25.89,0
1328,10751,16.25,0.1
1329,10751,15,0
1330,10752,18,0
1331,10752,36,0
1332,10753,9.5,0
1333,10753,10,0
1334,10754,18.4,0
1335,10755,9.5,0.25
1336,10755,38,0.25
1337,10755,19.5,0.25
1338,10755,36,0.25
1339,10756,62.5,0.2
1340,10756,19,0.2
1341,10756,12.5,0.2
1342,10756,36,0.2
1343,10757,14,0
1344,10757,55,0
1345,10757,49.3,0
1346,10757,33.25,0
1347,10758,31.23,0
1348,10758,7,0
1349,10758,15,0
1350,10759,32,0
1351,10760,14,0.25
1352,10760,43.9,0
1353,10760,46,0.25
1354,10761,14,0.25
1355,10761,7.75,0
1356,10762,18,0
1357,10762,9.5,0
1358,10762,53,0
1359,10762,38,0
1360,10763,10,0
1361,10763,21,0
1362,10763,4.5,0
1363,10764,10,0.1
1364,10764,18,0.1
1365,10765,21.05,0.1
1366,10766,19,0
1367,10766,30,0
1368,10766,12.5,0
1369,10767,14,0
1370,10768,21,0
1371,10768,12.5,0
1372,10768,34,0
1373,10768,21.5,0
1374,10769,9.65,5.0000001E-2
1375,10769,7,5.0000001E-2
1376,10769,28.5,0
1377,10769,49.3,0
1378,10770,21,0.25
1379,10771,21.5,0
1380,10772,123.79,0
1381,10772,55,0
1382,10773,39,0
1383,10773,12.5,0.2
1384,10773,7.75,0.2
1385,10774,12.5,0.25
1386,10774,17,0
1387,10775,31,0
1388,10775,14,0
1389,10776,12.5,5.0000001E-2
1390,10776,14,5.0000001E-2
1391,10776,9.5,5.0000001E-2
1392,10776,53,5.0000001E-2
1393,10777,14,0.2
1394,10778,9.65,0
1395,10779,17.45,0
1396,10779,49.3,0
1397,10780,15,0
1398,10780,13,0
1399,10781,7.45,0.2
1400,10781,38,0.2
1401,10781,10,0
1402,10782,12.5,0
1403,10783,12.5,0
1404,10783,263.5,0
1405,10784,19,0
1406,10784,18,0.15000001
1407,10784,34.8,0.15000001
1408,10785,31,0
1409,10785,7.75,0
1410,10786,40,0.2
1411,10786,25.89,0.2
1412,10786,7.75,0.2
1413,10787,19,5.0000001E-2
1414,10787,123.79,5.0000001E-2
1415,10788,9.2,5.0000001E-2
1416,10788,7.75,5.0000001E-2
1417,10789,62.5,0
1418,10789,18,0
1419,10789,43.9,0
1420,10789,12.5,0
1421,10790,30,0.15000001
1422,10790,38,0.15000001
1423,10791,123.79,5.0000001E-2
1424,10791,9.65,5.0000001E-2
1425,10792,19,0
1426,10792,7.45,0
1427,10792,12.5,0
1428,10793,9.65,0
1429,10793,7,0
1430,10794,23.25,0.2
1431,10794,7.45,0.2
1432,10795,17.45,0
1433,10795,39,0.25
1434,10796,31.23,0.2
1435,10796,19.45,0
1436,10796,33.25,0.2
1437,10796,36,0.2
1438,10797,21,0
1439,10798,49.3,0
1440,10798,34.8,0
1441,10799,6,0.15000001
1442,10799,4.5,0.15000001
1443,10799,55,0
1444,10800,21,0.1
1445,10800,53,0.1
1446,10800,7.45,0.1
1447,10801,39,0.25
1448,10801,123.79,0.25
1449,10802,25.89,0.25
1450,10802,53,0.25
1451,10802,24,0.25
1452,10802,49.3,0.25
1453,10803,9.2,5.0000001E-2
1454,10803,14,5.0000001E-2
1455,10803,55,5.0000001E-2
1456,10804,31,0
1457,10804,45.6,0
1458,10804,20,0.15000001
1459,10805,14,0
1460,10805,263.5,0
1461,10806,19,0.25
1462,10806,21.05,0
1463,10806,10,0.25
1464,10807,18.4,0
1465,10808,38,0.15000001
1466,10808,18,0.15000001
1467,10809,7,0
1468,10810,6,0
1469,10810,14,0
1470,10810,15,0
1471,10811,9.2,0
1472,10811,9,0
1473,10811,18.4,0
1474,10812,12.5,0.1
1475,10812,34.8,0.1
1476,10812,13,0
1477,10813,19,0.2
1478,10813,12,0
1479,10814,9.65,0
1480,10814,46,0.15000001
1481,10814,12.75,0.15000001
1482,10814,28.5,0.15000001
1483,10815,2.5,0
1484,10816,263.5,5.0000001E-2
1485,10816,49.3,5.0000001E-2
1486,10817,31.23,0.15000001
1487,10817,263.5,0
1488,10817,18.4,0.15000001
1489,10817,49.3,0.15000001
1490,10818,32,0
1491,10818,9.65,0
1492,10819,46,0
1493,10819,7.75,0
1494,10820,38,0
1495,10821,18,0
1496,10821,53,0
1497,10822,49.3,0
1498,10822,15,0
1499,10823,21,0.1
1500,10823,19.5,0
1501,10823,55,0.1
1502,10823,13,0.1
1503,10824,9.65,0
1504,10824,15,0
1505,10825,31.23,0
1506,10825,32.8,0
1507,10826,12.5,0
1508,10826,19.5,0
1509,10827,31,0
1510,10827,18,0
1511,10828,81,0
1512,10828,263.5,0
1513,10829,19,0
1514,10829,40,0
1515,10829,6,0
1516,10829,34,0
1517,10830,25,0
1518,10830,18,0
1519,10830,34,0
1520,10830,12.5,0
1521,10831,9.2,0
1522,10831,18,0
1523,10831,263.5,0
1524,10831,46,0
1525,10832,6,0.2
1526,10832,14,0.2
1527,10832,19.45,0.2
1528,10832,33.25,0
1529,10833,30,0.1
1530,10833,12.5,0.1
1531,10833,32.8,0.1
1532,10834,123.79,5.0000001E-2
1533,10834,25.89,5.0000001E-2
1534,10835,55,0
1535,10835,13,0.2
1536,10836,21,0
1537,10836,18,0
1538,10836,19.5,0
1539,10836,34,0
1540,10836,33.25,0
1541,10837,6,0
1542,10837,18.4,0
1543,10837,9.5,0.25
1544,10837,18,0.25
1545,10838,18,0.25
1546,10838,62.5,0.25
1547,10838,19,0.25
1548,10839,13.25,0.1
1549,10839,34.8,0.1
1550,10840,14,0.2
1551,10840,18,0.2
1552,10841,31,0
1553,10841,38,0
1554,10841,55,0
1555,10841,13,0
1556,10842,21,0
1557,10842,46,0
1558,10842,12.5,0
1559,10842,15,0
1560,10843,53,0.25
1561,10844,21,0
1562,10845,9,0.1
1563,10845,18,0.1
1564,10845,14,0.1
1565,10845,13.25,0.1
1566,10845,33.25,0
1567,10846,22,0
1568,10846,15,0
1569,10846,10,0
1570,10847,18,0.2
1571,10847,9.2,0.2
1572,10847,26,0.2
1573,10847,9.5,0.2
1574,10847,34,0.2
1575,10847,21.5,0.2
1576,10848,21.35,0
1577,10848,97,0
1578,10849,10,0
1579,10849,31.23,0.15000001
1580,10850,14,0.15000001
1581,10850,2.5,0.15000001
1582,10850,15,0.15000001
1583,10851,19,5.0000001E-2
1584,10851,14,5.0000001E-2
1585,10851,19.5,5.0000001E-2
1586,10851,55,5.0000001E-2
1587,10852,19,0
1588,10852,39,0
1589,10852,49.3,0
1590,10853,62.5,0
1591,10854,31,0.15000001
1592,10854,6,0.15000001
1593,10855,17.45,0
1594,10855,12.5,0
1595,10855,38,0
1596,10855,21.05,0.15000001
1597,10856,19,0
1598,10856,14,0
1599,10857,10,0
1600,10857,31.23,0.25
1601,10857,123.79,0.25
1602,10858,30,0
1603,10858,43.9,0
1604,10858,15,0
1605,10859,4.5,0.25
1606,10859,7.45,0.25
1607,10859,33.25,0.25
1608,10860,53,0
1609,10860,18,0
1610,10861,39,0
1611,10861,62.5,0
1612,10861,10,0
1613,10861,2.5,0
1614,10861,49.3,0
1615,10862,21,0
1616,10862,7,0
1617,10863,18,0.15000001
1618,10863,13.25,0.15000001
1619,10864,18,0
1620,10864,14,0
1621,10865,263.5,5.0000001E-2
1622,10865,18,5.0000001E-2
1623,10866,19,0.25
1624,10866,4.5,0.25
1625,10866,25.89,0.25
1626,10867,32.8,0
1627,10868,31.23,0
1628,10868,18,0
1629,10868,20,0.1
1630,10869,18,0
1631,10869,21,0
1632,10869,9,0
1633,10869,12.5,0
1634,10870,18,0
1635,10870,53,0
1636,10871,25,5.0000001E-2
1637,10871,17.45,5.0000001E-2
1638,10871,39,5.0000001E-2
1639,10872,24,5.0000001E-2
1640,10872,49.3,5.0000001E-2
1641,10872,33.25,5.0000001E-2
1642,10872,21.05,5.0000001E-2
1643,10873,10,0
1644,10873,45.6,0
1645,10874,31,0
1646,10875,9.2,0
1647,10875,9.5,0.1
1648,10875,20,0
1649,10876,12,0
1650,10876,33.25,0
1651,10877,17.45,0.25
1652,10877,62.5,0
1653,10878,81,5.0000001E-2
1654,10879,18.4,0
1655,10879,21.05,0
1656,10879,18,0
1657,10880,9,0.2
1658,10880,28.5,0.2
1659,10880,15,0.2
1660,10881,15,0
1661,10882,14,0
1662,10882,20,0.15000001
1663,10882,7.45,0.15000001
1664,10883,4.5,0
1665,10884,10,5.0000001E-2
1666,10884,38,5.0000001E-2
1667,10884,21.05,5.0000001E-2
1668,10885,19,0
1669,10885,4.5,0
1670,10885,15,0
1671,10885,13,0
1672,10886,31,0
1673,10886,12.5,0
1674,10886,13,0
1675,10887,14,0
1676,10888,19,0
1677,10888,12.5,0
1678,10889,21,0
1679,10889,263.5,0
1680,10890,39,0
1681,10890,14,0
1682,10890,9.65,0
1683,10891,25.89,5.0000001E-2
1684,10892,55,5.0000001E-2
1685,10893,40,0
1686,10893,4.5,0
1687,10893,123.79,0
1688,10893,25.89,0
1689,10893,19,0
1690,10894,6,5.0000001E-2
1691,10894,36,5.0000001E-2
1692,10894,7.75,5.0000001E-2
1693,10895,4.5,0
1694,10895,18,0
1695,10895,18.4,0
1696,10895,34,0
1697,10896,9.5,0
1698,10896,38,0
1699,10897,123.79,0
1700,10897,25.89,0
1701,10898,6,0
1702,10899,18,0.15000001
1703,10900,15,0.25
1704,10901,9.65,0
1705,10901,21.5,0
1706,10902,24,0.15000001
1707,10902,49.3,0.15000001
1708,10903,6,0
1709,10903,21.05,0
1710,10903,12.5,0
1711,10904,13.25,0
1712,10904,49.3,0
1713,10905,18,5.0000001E-2
1714,10906,28.5,0
1715,10907,7.75,0
1716,10908,30,5.0000001E-2
1717,10908,7,5.0000001E-2
1718,10909,30,0
1719,10909,17.45,0
1720,10909,9.65,0
1721,10910,9.2,0
1722,10910,20,0
1723,10910,28.5,0
1724,10911,18,0
1725,10911,39,0
1726,10911,14,0
1727,10912,21,0.25
1728,10912,123.79,0.25
1729,10913,22,0.25
1730,10913,2.5,0.25
1731,10913,13.25,0
1732,10914,21.5,0
1733,10915,39,0
1734,10915,2.5,0
1735,10915,7.45,0
1736,10916,17.45,0
1737,10916,32,0
1738,10916,19.5,0
1739,10917,25.89,0
1740,10917,34,0
1741,10918,18,0.25
1742,10918,34,0.25
1743,10919,17.45,0
1744,10919,14,0
1745,10919,18.4,0
1746,10920,16.25,0
1747,10921,18,0
1748,10921,43.9,0
1749,10922,39,0
1750,10922,4.5,0
1751,10923,14,0.2
1752,10923,46,0.2
1753,10923,14,0.2
1754,10924,31,0.1
1755,10924,45.6,0.1
1756,10924,7.75,0
1757,10925,19,0.15000001
1758,10925,7,0.15000001
1759,10926,21,0
1760,10926,6,0
1761,10926,9.2,0
1762,10926,34.8,0
1763,10927,81,0
1764,10927,7,0
1765,10927,18,0
1766,10928,9.5,0
1767,10928,18,0
1768,10929,10,0
1769,10929,7.75,0
1770,10929,13,0
1771,10930,10,0
1772,10930,43.9,0
1773,10930,24,0.2
1774,10930,13.25,0.2
1775,10931,6,0.15000001
1776,10931,19.5,0
1777,10932,17.45,0.1
1778,10932,49.3,0.1
1779,10932,34.8,0
1780,10932,7.75,0.1
1781,10933,32.8,0
1782,10933,28.5,0
1783,10934,25,0
1784,10935,18,0
1785,10935,62.5,0.25
1786,10935,9,0.25
1787,10936,19,0.2
1788,10937,45.6,0
1789,10937,14,0
1790,10938,6,0.25
1791,10938,46,0.25
1792,10938,34,0.25
1793,10938,21.5,0.25
1794,10939,19,0.15000001
1795,10939,14,0.15000001
1796,10940,30,0
1797,10940,6,0
1798,10941,12.5,0.25
1799,10941,49.3,0.25
1800,10941,12.5,0.25
1801,10941,34.8,0
1802,10942,20,0
1803,10943,6,0
1804,10943,21,0
1805,10943,12,0
1806,10944,21,0.25
1807,10944,19.45,0.25
1808,10944,38,0
1809,10945,6,0
1810,10945,12.5,0
1811,10946,31,0
1812,10946,4.5,0
1813,10946,13,0
1814,10947,55,0
1815,10948,16.25,0
1816,10948,53,0
1817,10948,24,0
1818,10949,25,0
1819,10949,31,0
1820,10949,39,0
1821,10949,49.3,0
1822,10950,22,0
1823,10951,2.5,5.0000001E-2
1824,10951,9.65,5.0000001E-2
1825,10951,7.75,5.0000001E-2
1826,10952,25,5.0000001E-2
1827,10952,45.6,0
1828,10953,81,5.0000001E-2
1829,10953,12.5,5.0000001E-2
1830,10954,17.45,0.15000001
1831,10954,12.5,0.15000001
1832,10954,9.5,0
1833,10954,34,0.15000001
1834,10955,7.75,0.2
1835,10956,10,0
1836,10956,9.5,0
1837,10956,53,0
1838,10957,25.89,0
1839,10957,18,0
1840,10957,33.25,0
1841,10958,21.35,0
1842,10958,30,0
1843,10958,34.8,0
1844,10959,7.75,0.15000001
1845,10960,4.5,0.25
1846,10960,9.65,0
1847,10961,7,5.0000001E-2
1848,10961,18,0
1849,10962,30,0
1850,10962,6,0
1851,10962,32.8,0
1852,10962,36,0
1853,10962,18,0
1854,10963,34,0.15000001
1855,10964,62.5,0
1856,10964,263.5,0
1857,10964,36,0
1858,10965,53,0
1859,10966,26,0
1860,10966,38,0.15000001
1861,10966,49.3,0.15000001
1862,10967,9.2,0
1863,10967,20,0
1864,10968,38,0
1865,10968,4.5,0
1866,10968,33.25,0
1867,10969,12,0
1868,10970,7,0.2
1869,10971,123.79,0
1870,10972,39,0
1871,10972,2.5,0
1872,10973,31.23,0
1873,10973,9.65,0
1874,10973,7.75,0
1875,10974,43.9,0
1876,10975,40,0
1877,10975,7.75,0
1878,10976,45.6,0
1879,10977,18,0
1880,10977,9.5,0
1881,10977,53,0
1882,10977,43.9,0
1883,10978,40,0.15000001
1884,10978,10,0.15000001
1885,10978,18.4,0
1886,10978,19.45,0.15000001
1887,10979,30,0
1888,10979,38,0
1889,10979,4.5,0
1890,10979,43.9,0
1891,10979,12.5,0
1892,10979,43.9,0
1893,10980,7.75,0.2
1894,10981,263.5,0
1895,10982,30,0
1896,10982,46,0
1897,10983,6,0.15000001
1898,10983,19.5,0
1899,10984,17.45,0
1900,10984,4.5,0
1901,10984,19,0
1902,10985,17.45,0.1
1903,10985,62.5,0.1
1904,10985,32,0.1
1905,10986,21,0
1906,10986,81,0
1907,10986,18,0
1908,10986,13,0
1909,10987,30,0
1910,10987,46,0
1911,10987,34.8,0
1912,10988,30,0
1913,10988,49.3,0.1
1914,10989,25,0
1915,10989,21,0
1916,10989,9.65,0
1917,10990,10,0
1918,10990,14,0.15000001
1919,10990,24,0.15000001
1920,10990,28.5,0.15000001
1921,10991,19,0.2
1922,10991,15,0.2
1923,10991,18,0.2
1924,10992,34.8,0
1925,10993,123.79,0.25
1926,10993,9.65,0.25
1927,10994,55,5.0000001E-2
1928,10995,53,0
1929,10995,34,0
1930,10996,14,0
1931,10997,32,0
1932,10997,12,0.25
1933,10997,7,0.25
1934,10998,4.5,0
1935,10998,28.5,0
1936,10998,10,0
1937,10998,7.75,0
1938,10999,9.65,5.0000001E-2
1939,10999,53,5.0000001E-2
1940,10999,13,5.0000001E-2
1941,11000,22,0.25
1942,11000,4.5,0.25
1943,11000,13,0
1944,11001,30,0
1945,11001,21,0
1946,11001,12,0
1947,11001,24,0
1948,11002,6,0
1949,11002,18,0.15000001
1950,11002,14,0.15000001
1951,11002,24,0
1952,11003,18,0
1953,11003,18.4,0
1954,11003,7,0
1955,11004,31.23,0
1956,11004,18,0
1957,11005,18,0
1958,11005,55,0
1959,11006,18,0
1960,11006,123.79,0.25
1961,11007,40,0
1962,11007,123.79,0
1963,11007,14,0
1964,11008,45.6,5.0000001E-2
1965,11008,14,5.0000001E-2
1966,11008,21.5,0
1967,11009,4.5,0
1968,11009,19,0.25
1969,11009,34,0
1970,11010,30,0
1971,11010,4.5,0
1972,11011,13.25,5.0000001E-2
1973,11011,21.5,0
1974,11012,9.2,5.0000001E-2
1975,11012,34,5.0000001E-2
1976,11012,21.5,5.0000001E-2
1977,11013,9,0
1978,11013,14,0
1979,11013,9.5,0
1980,11013,12.5,0
1981,11014,9.65,0.1
1982,11015,25.89,0
1983,11015,13,0
1984,11016,12.5,0
1985,11016,19,0
1986,11017,10,0
1987,11017,55,0
1988,11017,15,0
1989,11018,38,0
1990,11018,62.5,0
1991,11018,38,0
1992,11019,12,0
1993,11019,20,0
1994,11020,31,0.15000001
1995,11021,19,0.25
1996,11021,81,0
1997,11021,31.23,0
1998,11021,53,0.25
1999,11021,34.8,0
2000,11022,9.2,0
2001,11022,36,0
2002,11023,30,0
2003,11023,46,0
2004,11024,31.23,0
2005,11024,2.5,0
2006,11024,21.05,0
2007,11024,21.5,0
2008,11025,18,0.1
2009,11025,6,0.1
2010,11026,62.5,0
2011,11026,53,0
2012,11027,4.5,0.25
2013,11027,49.3,0.25
2014,11028,24,0
2015,11028,55,0
2016,11029,38,0
2017,11029,43.9,0
2018,11030,19,0.25
2019,11030,21.35,0
2020,11030,123.79,0.25
2021,11030,55,0.25
2022,11031,18,0
2023,11031,6,0
2024,11031,4.5,0
2025,11031,33.25,0
2026,11031,21.5,0
2027,11032,19,0
2028,11032,263.5,0
2029,11032,55,0
2030,11033,32.8,0.1
2031,11033,36,0.1
2032,11034,10,0.1
2033,11034,19.45,0
2034,11034,28.5,0
2035,11035,18,0
2036,11035,18,0
2037,11035,14,0
2038,11035,7.45,0
2039,11036,6,0
2040,11036,55,0
2041,11037,15,0
2042,11038,18.4,0.2
2043,11038,7,0
2044,11038,21.5,0
2045,11039,45.6,0
2046,11039,18,0
2047,11039,20,0
2048,11039,19.5,0
2049,11040,10,0
2050,11041,19,0.2
2051,11041,43.9,0
2052,11042,19.45,0
2053,11042,28.5,0
2054,11043,21,0
2055,11044,49.3,0
2056,11045,2.5,0
2057,11045,53,0
2058,11046,38,5.0000001E-2
2059,11046,32,5.0000001E-2
2060,11046,18,5.0000001E-2
2061,11047,18,0.25
2062,11047,21.35,0.25
2063,11048,12.5,0
2064,11049,19,0.2
2065,11049,38,0.2
2066,11050,18,0.1
2067,11051,4.5,0.2
2068,11052,46,0.2
2069,11052,28.5,0.2
2070,11053,62.5,0.2
2071,11053,32,0
2072,11053,33.25,0.2
2073,11054,2.5,0
2074,11054,14,0
2075,11055,4.5,0
2076,11055,14,0
2077,11055,53,0
2078,11055,19.5,0
2079,11056,30,0
2080,11056,24,0
2081,11056,34,0
2082,11057,15,0
2083,11058,10,0
2084,11058,34,0
2085,11058,28.5,0
2086,11059,6,0
2087,11059,39,0
2088,11059,34,0
2089,11060,34,0
2090,11060,13,0
2091,11061,34,0
2092,11062,32.8,0.2
2093,11062,15,0.2
2094,11063,14,0
2095,11063,18.4,0.1
2096,11063,9.65,0.1
2097,11064,39,0.1
2098,11064,9.65,0
2099,11064,32.8,0.1
2100,11064,24,0.1
2101,11064,12.5,0
2102,11065,25.89,0.25
2103,11065,7.45,0.25
2104,11066,17.45,0
2105,11066,9.2,0
2106,11066,14,0
2107,11067,9.65,0
2108,11068,45.6,0.15000001
2109,11068,46,0.15000001
2110,11068,13,0.15000001
2111,11069,18,0
2112,11070,18,0.15000001
2113,11070,19,0.15000001
2114,11070,17.45,0.15000001
2115,11070,12.5,0
2116,11071,30,5.0000001E-2
2117,11071,6,5.0000001E-2
2118,11072,19,0
2119,11072,9.65,0
2120,11072,16.25,0
2121,11072,33.25,0
2122,11073,21,0
2123,11073,4.5,0
2124,11074,17.45,5.0000001E-2
2125,11075,19,0.15000001
2126,11075,12,0.15000001
2127,11075,18,0.15000001
2128,11076,25,0.25
2129,11076,23.25,0.25
2130,11076,9.2,0.25
2131,11077,19,0.2
2132,11077,10,0
2133,11077,22,0
2134,11077,25,0.02
2135,11077,30,5.0000001E-2
2136,11077,40,0.1
2137,11077,31,0
2138,11077,38,5.0000001E-2
2139,11077,6,0
2140,11077,23.25,2.9999999E-2
2141,11077,17.45,2.9999999E-2
2142,11077,81,3.9999999E-2
2143,11077,9,0
2144,11077,32,0
2145,11077,18,5.0000001E-2
2146,11077,9.65,0
2147,11077,12,0.02
2148,11077,7,0
2149,11077,24,0
2150,11077,34,5.9999999E-2
2151,11077,33.25,2.9999999E-2
2152,11077,17,0
2153,11077,15,9.9999998E-3
2154,11077,7.75,0
2155,11077,13,0
